{"cameraMode":{"drawMode":0,"name":"Shaded","section":"Shading Mode"},"sceneLighting":true,"audioPlay":false,"sceneViewState":{"m_AlwaysRefresh":false,"showFog":true,"showSkybox":true,"showFlares":true,"showImageEffects":true,"showParticleSystems":true,"showVisualEffectGraphs":true,"m_FxEnabled":true},"in2DMode":false,"pivot":{"x":-7.161594867706299,"y":3.8724775314331056,"z":10.122709274291993},"rotation":{"x":0.1194247454404831,"y":0.197612002491951,"z":-0.009748054668307305,"w":0.9720258712768555},"size":2.1880807876586916,"orthographic":false}