{"cameraMode":{"drawMode":0,"name":"Shaded","section":"Shading Mode"},"sceneLighting":true,"audioPlay":false,"sceneViewState":{"m_AlwaysRefresh":false,"showFog":true,"showSkybox":true,"showFlares":true,"showImageEffects":true,"showParticleSystems":true,"showVisualEffectGraphs":true,"m_FxEnabled":true},"in2DMode":false,"pivot":{"x":0.6649172902107239,"y":4.229551315307617,"z":0.42884376645088198},"rotation":{"x":-0.17234046757221223,"y":-0.05286351218819618,"z":0.006997399497777224,"w":-0.9832304120063782},"size":0.2386881411075592,"orthographic":false}