{"cameraMode":{"drawMode":0,"name":"Shaded","section":"Shading Mode"},"sceneLighting":true,"audioPlay":false,"sceneViewState":{"m_AlwaysRefresh":false,"showFog":true,"showSkybox":true,"showFlares":true,"showImageEffects":true,"showParticleSystems":true,"showVisualEffectGraphs":true,"m_FxEnabled":true},"in2DMode":false,"pivot":{"x":2.5844411849975588,"y":4.484326362609863,"z":0.09638749063014984},"rotation":{"x":-0.0021303268149495126,"y":0.8989225625991821,"z":0.004637410398572683,"w":0.4373035728931427},"size":0.3192604184150696,"orthographic":false}