{"cameraMode":{"drawMode":0,"name":"Shaded","section":"Shading Mode"},"sceneLighting":true,"audioPlay":false,"sceneViewState":{"m_AlwaysRefresh":false,"showFog":true,"showSkybox":true,"showFlares":true,"showImageEffects":true,"showParticleSystems":true,"showVisualEffectGraphs":true,"m_FxEnabled":true},"in2DMode":false,"pivot":{"x":-0.4001959562301636,"y":0.07936978340148926,"z":2.2552974224090578},"rotation":{"x":-0.09627073258161545,"y":0.9007425904273987,"z":-0.2583385705947876,"w":-0.33564984798431399},"size":4.621033191680908,"orthographic":false}