{"cameraMode":{"drawMode":0,"name":"Shaded","section":"Shading Mode"},"sceneLighting":true,"audioPlay":false,"sceneViewState":{"m_AlwaysRefresh":false,"showFog":true,"showSkybox":true,"showFlares":true,"showImageEffects":true,"showParticleSystems":true,"showVisualEffectGraphs":true,"m_FxEnabled":true},"in2DMode":false,"pivot":{"x":1.024207592010498,"y":4.25843620300293,"z":0.11030557751655579},"rotation":{"x":0.13790063560009004,"y":0.6592627763748169,"z":-0.12223687022924423,"w":0.7284822463989258},"size":0.6462358832359314,"orthographic":false}