{"cameraMode":{"drawMode":0,"name":"Shaded","section":"Shading Mode"},"sceneLighting":true,"audioPlay":false,"sceneViewState":{"m_AlwaysRefresh":false,"showFog":true,"showSkybox":true,"showFlares":true,"showImageEffects":true,"showParticleSystems":true,"showVisualEffectGraphs":true,"m_FxEnabled":true},"in2DMode":false,"pivot":{"x":0.47379040718078616,"y":1.7494897842407227,"z":5.801652431488037},"rotation":{"x":0.03695536404848099,"y":-0.03524928539991379,"z":-0.02899441309273243,"w":-0.9973044991493225},"size":7.945976257324219,"orthographic":false}