{"cameraMode":{"drawMode":0,"name":"Shaded","section":"Shading Mode"},"sceneLighting":true,"audioPlay":false,"sceneViewState":{"m_AlwaysRefresh":false,"showFog":true,"showSkybox":true,"showFlares":true,"showImageEffects":true,"showParticleSystems":true,"showVisualEffectGraphs":true,"m_FxEnabled":true},"in2DMode":false,"pivot":{"x":48.2081298828125,"y":15.138562202453614,"z":-40.13011169433594},"rotation":{"x":-0.00823693722486496,"y":-0.8857212066650391,"z":-0.0033656121231615545,"w":-0.46293532848358157},"size":78.38268280029297,"orthographic":false}