{"cameraMode":{"drawMode":0,"name":"Shaded","section":"Shading Mode"},"sceneLighting":true,"audioPlay":false,"sceneViewState":{"m_AlwaysRefresh":false,"showFog":true,"showSkybox":true,"showFlares":true,"showImageEffects":true,"showParticleSystems":true,"showVisualEffectGraphs":true,"m_FxEnabled":true},"in2DMode":false,"pivot":{"x":2.5446739196777345,"y":-1.4208049774169922,"z":3.5089197158813478},"rotation":{"x":-0.29843994975090029,"y":-0.06639103591442108,"z":0.020592203363776208,"w":-0.9518089890480042},"size":6.352858066558838,"orthographic":false}